{
  "success": true,
  "results": {
    "T_C": 25.0,
    "T_K": 298.15,
    "model": "UNIFAC",
    "components": [
      "Water",
      "1,1,2-Trichloroethane",
      "Acetone"
    ],
    "binodal_L1": [],
    "binodal_L2": [],
    "tie_lines": [
      {
        "x_L1": [
          0.9944853212287393,
          0.004710043793491745,
          0.0008046349777689164
        ],
        "x_L2": [
          0.6560885014819428,
          0.11420791377624465,
          0.2297035847418126
        ],
        "beta": 0.870213832459744,
        "distance": 0.422962079090535
      },
      {
        "x_L1": [
          0.36961236810162434,
          0.10865814811453484,
          0.5217294837838409
        ],
        "x_L2": [
          0.6182315271584427,
          0.0993157179387052,
          0.28245275490285215
        ],
        "beta": 0.9266668356131889,
        "distance": 0.3451841830612984
      },
      {
        "x_L1": [
          0.6823287819636905,
          0.1919121985012275,
          0.12575901953508198
        ],
        "x_L2": [
          0.9437547060993419,
          0.029998411093805057,
          0.026246882806853077
        ],
        "beta": 0.2588529601753012,
        "distance": 0.32320620928288657
      }
    ],
    "n_binodal_points": 0,
    "n_tie_lines": 3
  },
  "from_cache": true,
  "precomputed": true,
  "metadata": {
    "generated_at": "2026-01-08T21:53:32.476084",
    "cache_key": "Water-1,1,2-Trichloroethane-Acetone_25.0_UNIFAC",
    "system_name": "Water + 1,1,2-Trichloroethane + Acetone (25°C) - UNIFAC",
    "reference": "UNIFAC Preditivo - Comparação com NRTL experimental",
    "computation_time_seconds": 927.47,
    "binodal_points": 0,
    "tielines_count": 3,
    "model": "UNIFAC",
    "temperature_C": 25.0,
    "components": [
      "Water",
      "1,1,2-Trichloroethane",
      "Acetone"
    ]
  }
}